id,lat,long,street,house_num,city,neighbourhood,state,address
3352402236,47.498,-122.263,Beacon Avenue South,11708,Seattle,King County,Washington,"Beacon Avenue South, 11708"
185000118,47.495,-122.266,56th Place South,12028,Seattle,King County,Washington,"56th Place South, 12028"
8068000585,47.5071,-122.265,55th Avenue South,10425,Seattle,Rainier Beach,Washington,"55th Avenue South, 10425"
7129300420,47.5111,-122.256,62nd Avenue South,10017,Seattle,Rainier Beach,Washington,"62nd Avenue South, 10017"
1180008315,47.492,-122.224,South 124th Street,8536,Seattle,King County,Washington,"South 124th Street, 8536"
4058801065,47.5031,-122.242,Woodley Avenue South,11128,Seattle,King County,Washington,"Woodley Avenue South, 11128"
4279900140,47.5008,-122.257,61st Avenue South,11410,Seattle,King County,Washington,"61st Avenue South, 11410"
3348401622,47.5003,-122.269,South Augusta Street,5130,Seattle,King County,Washington,"South Augusta Street, 5130"
4060000290,47.5002,-122.247,70th Place South,11457,Seattle,King County,Washington,"70th Place South, 11457"
2144800146,47.4865,-122.238,76th Avenue South,13010,Seattle,Bryn Mawr,Washington,"76th Avenue South, 13010"
2126049032,47.7231,-122.301,Northeast 130th Street,2520,Seattle,King County,Washington,"Northeast 130th Street, 2520"
4427100105,47.7272,-122.311,16th Avenue Northeast,13519,Seattle,King County,Washington,"16th Avenue Northeast, 13519"
9324800110,47.7336,-122.29,36th Avenue Northeast,14357,Seattle,Cedar Park,Washington,"36th Avenue Northeast, 14357"
1454100056,47.7232,-122.289,Northeast 130th Street,3542,Seattle,Cedar Park,Washington,"Northeast 130th Street, 3542"
4427100025,47.7276,-122.312,15th Place Northeast,13539,Seattle,King County,Washington,"15th Place Northeast, 13539"
6381500065,47.7326,-122.307,20th Avenue Northeast,14316,Seattle,King County,Washington,"20th Avenue Northeast, 14316"
6413100311,47.7143,-122.32,Northeast 117th Street,808,Seattle,King County,Washington,"Northeast 117th Street, 808"
6414100133,47.7207,-122.32,Roosevelt Way Northeast,12551,Seattle,King County,Washington,"Roosevelt Way Northeast, 12551"
6413600285,47.7192,-122.32,Northeast 125th Street,819,Seattle,King County,Washington,"Northeast 125th Street, 819"
8822900115,47.7175,-122.292,Northeast 123rd Street,3316,Seattle,King County,Washington,"Northeast 123rd Street, 3316"
5667100025,47.72,-122.318,Northeast 126th Street,1003,Seattle,King County,Washington,"Northeast 126th Street, 1003"
3649100320,47.7405,-122.241,75th Avenue Northeast,15415,NA,King County,Washington,"75th Avenue Northeast, 15415"
8718500075,47.7403,-122.256,64th Avenue Northeast,15406,NA,King County,Washington,"64th Avenue Northeast, 15406"
3818700016,47.7647,-122.263,Northeast 188th Place,6133,NA,King County,Washington,"Northeast 188th Place, 6133"
5631500905,47.7477,-122.232,Northeast 165th Street,8183,NA,King County,Washington,"Northeast 165th Street, 8183"
114100297,47.7769,-122.25,Northeast 204th Street,6801,NA,King County,Washington,"Northeast 204th Street, 6801"
6181700250,47.7598,-122.255,Northeast 181st Street,6440,NA,King County,Washington,"Northeast 181st Street, 6440"
3013301525,47.5286,-122.383,Southwest Thistle Street,4000,Seattle,King County,Washington,"Southwest Thistle Street, 4000"
2594200375,47.5142,-122.389,44th Avenue Southwest,9855,Seattle,King County,Washington,"44th Avenue Southwest, 9855"
7104100050,47.5499,-122.394,48th Avenue Southwest,5909,Seattle,Morgan Junction,Washington,"48th Avenue Southwest, 5909"
312000295,47.5569,-122.394,48th Avenue Southwest,5021,Seattle,King County,Washington,"48th Avenue Southwest, 5021"
1090000075,47.5319,-122.391,Southwest Kenyon Place,4437,Seattle,King County,Washington,"Southwest Kenyon Place, 4437"
7504180070,47.619,-122.054,Northeast 10th Place,21412,NA,King County,Washington,"Northeast 10th Place, 21412"
3575301550,47.6175,-122.065,206th Place Northeast,1298,NA,King County,Washington,"206th Place Northeast, 1298"
8653600050,47.6144,-122.067,205th Avenue Northeast,469,NA,King County,Washington,"205th Avenue Northeast, 469"
3575302880,47.6205,-122.063,Northeast Inglewood Hill Road,20798,NA,King County,Washington,"Northeast Inglewood Hill Road, 20798"
8562901010,47.6082,-122.057,211th Place Southeast,124,NA,King County,Washington,"211th Place Southeast, 124"
203900610,47.6384,-121.969,Northeast Ames Lake Road,27748,NA,King County,Washington,"Northeast Ames Lake Road, 27748"
2821049082,47.2791,-122.3,South 360th Street,2606,NA,King County,Washington,"South 360th Street, 2606"
4222310680,47.3463,-122.308,20th Avenue South,28403,NA,King County,Washington,"20th Avenue South, 28403"
3584000180,47.3182,-122.319,South 316th Street,1033,NA,King County,Washington,"South 316th Street, 1033"
1697000370,47.3731,-122.312,16th Place South,25422,NA,Woodmont,Washington,"16th Place South, 25422"
6052401215,47.4039,-122.323,8th Avenue South,22018,NA,Downtown Des Moines,Washington,"8th Avenue South, 22018"
3530410020,47.3794,-122.32,11th Avenue South,24801,NA,Zenith,Washington,"11th Avenue South, 24801"
84000335,47.4851,-122.338,Southwest 132nd Street,228,NA,Inglesea,Washington,"Southwest 132nd Street, 228"
123039424,47.5073,-122.372,31st Avenue Southwest,10630,Seattle,Arroyo Heights,Washington,"31st Avenue Southwest, 10630"
6303400520,47.5073,-122.36,21st Avenue Southwest,10658,Seattle,Shorewood,Washington,"21st Avenue Southwest, 10658"
7454001120,47.5122,-122.374,33rd Avenue Southwest,10119,Seattle,Arroyo Heights,Washington,"33rd Avenue Southwest, 10119"
7889600080,47.4933,-122.338,3rd Avenue Southwest,12246,NA,Beverly Park,Washington,"3rd Avenue Southwest, 12246"
7907600100,47.5011,-122.336,Southwest 114th Street,155,Seattle,Beverly Park,Washington,"Southwest 114th Street, 155"
722079104,47.4109,-121.958,290th Avenue Southeast,21315,NA,King County,Washington,"290th Avenue Southeast, 21315"
1545808560,47.3592,-122.046,Southeast 271st Street,22054,NA,Rock Creek Meadows,Washington,"Southeast 271st Street, 22054"
922069139,47.407,-122.045,Southeast Bain Road,22201,NA,King County,Washington,"Southeast Bain Road, 22201"
1545807990,47.3583,-122.056,Southeast 271st Place,21309,NA,Cherokee Bay,Washington,"Southeast 271st Place, 21309"
1545802850,47.359,-122.05,Southeast 271st Street,21821,NA,Lakewood Estates,Washington,"Southeast 271st Street, 21821"
1545803340,47.3609,-122.05,Southeast 269th Street,21820,NA,Cherokee Bay,Washington,"Southeast 269th Street, 21820"
1545801970,47.3594,-122.054,216th Avenue Southeast,27022,NA,Cherokee Bay,Washington,"216th Avenue Southeast, 27022"
4396000180,47.3991,-121.964,Southeast 226th Street,28515,NA,King County,Washington,"Southeast 226th Street, 28515"
1441300130,47.3714,-122.054,215th Court Southeast,25756,NA,Maple Downs,Washington,"215th Court Southeast, 25756"
5111400086,47.4235,-122.051,Renton Maple Valley Road Southeast,19845,NA,King County,Washington,"Renton Maple Valley Road Southeast, 19845"
1545806720,47.3676,-122.046,221st Place Southeast,26020,NA,Cherokee Bay,Washington,"221st Place Southeast, 26020"
646500070,47.5941,-122.142,Southeast 18th Place,14819,Bellevue,King County,Washington,"Southeast 18th Place, 14819"
4039400410,47.606,-122.135,Southeast 4th Place,15400,Bellevue,King County,Washington,"Southeast 4th Place, 15400"
2207200635,47.6023,-122.132,Southeast 9th Street,15542,Bellevue,King County,Washington,"Southeast 9th Street, 15542"
3188100400,47.69,-122.304,Northeast 83rd Street,2202,Seattle,King County,Washington,"Northeast 83rd Street, 2202"
8815400105,47.6743,-122.285,40th Avenue Northeast,6209,Seattle,Hawthorne Hills,Washington,"40th Avenue Northeast, 6209"
2464400340,47.6859,-122.322,Northeast 79th Street,519,Seattle,King County,Washington,"Northeast 79th Street, 519"
9547205225,47.6821,-122.31,17th Avenue Northeast,7331,Seattle,King County,Washington,"17th Avenue Northeast, 7331"
3908100020,47.6827,-122.289,35th Avenue Northeast,7340,Seattle,Wedgwood,Washington,"35th Avenue Northeast, 7340"
3692900010,47.6783,-122.298,27th Avenue Northeast,6822,Seattle,Ravenna,Washington,"27th Avenue Northeast, 6822"
2979800845,47.6846,-122.317,Roosevelt Way Northeast,7550,Seattle,King County,Washington,"Roosevelt Way Northeast, 7550"
3735901600,47.687,-122.32,Northeast 80th Street,802,Seattle,King County,Washington,"Northeast 80th Street, 802"
5101402435,47.6942,-122.304,Ravenna Avenue Northeast,9014,Seattle,King County,Washington,"Ravenna Avenue Northeast, 9014"
9222400565,47.6741,-122.323,5th Avenue Northeast,6058,Seattle,Meridian,Washington,"5th Avenue Northeast, 6058"
6884800262,47.6873,-122.314,Brooklyn Avenue Northeast,8018,Seattle,King County,Washington,"Brooklyn Avenue Northeast, 8018"
1566100450,47.6978,-122.297,Northeast 95th Street,2738,Seattle,Lavilla,Washington,"Northeast 95th Street, 2738"
2887701251,47.688,-122.308,19th Avenue Northeast,8045,Seattle,King County,Washington,"19th Avenue Northeast, 8045"
8024201210,47.6988,-122.313,Northeast 96th Street,1242,Seattle,King County,Washington,"Northeast 96th Street, 1242"
9221400600,47.674,-122.319,Northeast 63rd Street,825,Seattle,King County,Washington,"Northeast 63rd Street, 825"
2767600171,47.6757,-122.385,22nd Avenue Northwest,6411,Seattle,King County,Washington,"22nd Avenue Northwest, 6411"
2768301490,47.6655,-122.371,Northwest 50th Street,1100,Seattle,King County,Washington,"Northwest 50th Street, 1100"
2516000475,47.6585,-122.363,5th Avenue Northwest,4223,Seattle,King County,Washington,"5th Avenue Northwest, 4223"
452001280,47.6755,-122.367,Northwest 64th Street,822,Seattle,King County,Washington,"Northwest 64th Street, 822"
2516000486,47.6588,-122.362,4th Avenue Northwest,4235,Seattle,King County,Washington,"4th Avenue Northwest, 4235"
2768100040,47.6699,-122.369,9th Avenue Northwest,5609,Seattle,King County,Washington,"9th Avenue Northwest, 5609"
1175001135,47.6712,-122.393,28th Avenue Northwest,5807,Seattle,Sunset Hill,Washington,"28th Avenue Northwest, 5807"
2769602710,47.6752,-122.361,3rd Avenue Northwest,6233,Seattle,King County,Washington,"3rd Avenue Northwest, 6233"
5347200160,47.5188,-122.376,34th Avenue Southwest,9413,Seattle,Arroyo Heights,Washington,"34th Avenue Southwest, 9413"
7454000030,47.5172,-122.375,Southwest Roxbury Street,3229,Seattle,King County,Washington,"Southwest Roxbury Street, 3229"
9842300485,47.5285,-122.378,Southwest Thistle Street,3526,Seattle,King County,Washington,"Southwest Thistle Street, 3526"
2492200956,47.5338,-122.381,Southwest Holden Street,3804,Seattle,High Point,Washington,"Southwest Holden Street, 3804"
2695600195,47.5314,-122.378,Southwest Monroe Street,3528,Seattle,High Point,Washington,"Southwest Monroe Street, 3528"
7454000605,47.5161,-122.374,33rd Avenue Southwest,9716,Seattle,Arroyo Heights,Washington,"33rd Avenue Southwest, 9716"
7452500285,47.5195,-122.374,32nd Avenue Southwest,9308,Seattle,King County,Washington,"32nd Avenue Southwest, 9308"
7452500770,47.5201,-122.372,31st Avenue Southwest,9236,Seattle,King County,Washington,"31st Avenue Southwest, 9236"
4364200015,47.5318,-122.374,32nd Avenue Southwest,7903,Seattle,High Point,Washington,"32nd Avenue Southwest, 7903"
7454000990,47.5151,-122.372,31st Avenue Southwest,9817,Seattle,Arroyo Heights,Washington,"31st Avenue Southwest, 9817"
7454000875,47.5151,-122.372,31st Avenue Southwest,9817,Seattle,Arroyo Heights,Washington,"31st Avenue Southwest, 9817"
8122100160,47.5377,-122.376,35th Avenue Southwest,7156,Seattle,High Point,Washington,"35th Avenue Southwest, 7156"
8122100905,47.5359,-122.372,31st Avenue Southwest,7350,Seattle,High Point,Washington,"31st Avenue Southwest, 7350"
2130700860,47.7403,-121.984,Northeast Stephens Street,26556,NA,King County,Washington,"Northeast Stephens Street, 26556"
2129700142,47.7242,-121.951,Batten Road Northeast,14057,NA,King County,Washington,"Batten Road Northeast, 14057"
3363900111,47.68,-122.353,Dayton Avenue North,7011,Seattle,King County,Washington,"Dayton Avenue North, 7011"
3362900696,47.6838,-122.352,North 76th Street,509,Seattle,King County,Washington,"North 76th Street, 509"
3797000300,47.6868,-122.349,North 80th Street,719,Seattle,King County,Washington,"North 80th Street, 719"
3362400615,47.682,-122.348,North 73rd Street,742,Seattle,King County,Washington,"North 73rd Street, 742"
6430500010,47.6872,-122.35,Fremont Avenue North,8007,Seattle,King County,Washington,"Fremont Avenue North, 8007"
3797000680,47.6857,-122.349,North 78th Street,720,Seattle,King County,Washington,"North 78th Street, 720"
3363400655,47.6809,-122.351,North 72nd Street,535,Seattle,King County,Washington,"North 72nd Street, 535"
1931300425,47.6543,-122.347,Aurora Avenue North,3908,Seattle,King County,Washington,"Aurora Avenue North, 3908"
6046400755,47.6915,-122.345,Aurora Avenue North,8601,Seattle,Licton Springs,Washington,"Aurora Avenue North, 8601"
1172000150,47.6946,-122.357,Palatine Avenue North,9013,Seattle,King County,Washington,"Palatine Avenue North, 9013"
6813600365,47.6889,-122.33,Sunnyside Avenue North,8203,Seattle,Licton Springs,Washington,"Sunnyside Avenue North, 8203"
3797000330,47.6867,-122.349,North 80th Street,719,Seattle,King County,Washington,"North 80th Street, 719"
8021701115,47.6913,-122.333,North 86th Street,2116,Seattle,Licton Springs,Washington,"North 86th Street, 2116"
9266701085,47.6926,-122.346,North 88th Street,929,Seattle,Licton Springs,Washington,"North 88th Street, 929"
9266700256,47.6939,-122.348,North 90th Street,743,Seattle,King County,Washington,"North 90th Street, 743"
3797000035,47.6867,-122.345,North 80th Street,949,Seattle,King County,Washington,"North 80th Street, 949"
6431500122,47.6931,-122.352,Dayton Avenue North,8728,Seattle,King County,Washington,"Dayton Avenue North, 8728"
1972201161,47.654,-122.35,Fremont Way North,NA,Seattle,King County,Washington,"Fremont Way North, NA"
1997200245,47.6928,-122.339,Ashworth Avenue North,8818,Seattle,Licton Springs,Washington,"Ashworth Avenue North, 8818"
1202000200,47.3048,-122.218,I Street Southeast,316,NA,King County,Washington,"I Street Southeast, 316"
1450100070,47.2898,-122.221,21st Street Southeast,604,NA,Stuck,Washington,"21st Street Southeast, 604"
3021059155,47.2811,-122.214,M Street Southeast,3019,NA,King County,Washington,"M Street Southeast, 3019"
7116000425,47.303,-122.217,5th Street Southeast,910,NA,King County,Washington,"5th Street Southeast, 910"
3339900640,47.3184,-122.22,12th Street Northeast,804,NA,King County,Washington,"12th Street Northeast, 804"
1921059235,47.2898,-122.222,21st Street Southeast,506,NA,Stuck,Washington,"21st Street Southeast, 506"
7116500125,47.3025,-122.224,D Street Southeast,508,NA,King County,Washington,"D Street Southeast, 508"
8581400450,47.297,-122.225,12th Street Southeast,242,NA,King County,Washington,"12th Street Southeast, 242"
1450100420,47.2891,-122.221,Cedar Drive Southeast,604,NA,Stuck,Washington,"Cedar Drive Southeast, 604"
6131600255,47.323,-122.216,17th Street Northeast,1031,NA,King County,Washington,"17th Street Northeast, 1031"
9150100020,47.3006,-122.223,8th Street Southeast,414,NA,King County,Washington,"8th Street Southeast, 414"
7335400020,47.3066,-122.217,J Street Southeast,112,NA,King County,Washington,"J Street Southeast, 112"
8581400015,47.297,-122.227,B Street Southeast,1305,NA,King County,Washington,"B Street Southeast, 1305"
9499200220,47.3089,-122.213,M Street Northeast,28,NA,King County,Washington,"M Street Northeast, 28"
7335400065,47.307,-122.217,1st Street Southeast,1003,NA,King County,Washington,"1st Street Southeast, 1003"
1755700060,47.7458,-122.331,North 161st Street,2362,NA,Meridian Park,Washington,"North 161st Street, 2362"
726049184,47.7512,-122.34,Ashworth Avenue North,16720,NA,Meridian Park,Washington,"Ashworth Avenue North, 16720"
396100025,47.7461,-122.332,North 161st Place,2316,NA,Meridian Park,Washington,"North 161st Place, 2316"
6671900130,47.74,-122.343,Stone Avenue North,15321,NA,King County,Washington,"Stone Avenue North, 15321"
414100630,47.7479,-122.343,Midvale Avenue North,16371,NA,Meridian Park,Washington,"Midvale Avenue North, 16371"
2231800020,47.7685,-122.332,North 192nd Street,2310,NA,King County,Washington,"North 192nd Street, 2310"
626049091,47.7641,-122.341,Ashworth Avenue North,18613,NA,Meridian Park,Washington,"Ashworth Avenue North, 18613"
7276100145,47.7619,-122.343,Stone Avenue North,18316,NA,Meridian Park,Washington,"Stone Avenue North, 18316"
3705900124,47.7617,-122.335,Meridian Avenue North,18313,NA,Meridian Park,Washington,"Meridian Avenue North, 18313"
415100085,47.7451,-122.339,Densmore Avenue North,15913,NA,Meridian Park,Washington,"Densmore Avenue North, 15913"
1397300120,47.7508,-122.352,North 167th Street,645,NA,King County,Washington,"North 167th Street, 645"
6671900095,47.7412,-122.343,Stone Avenue North,15345,NA,King County,Washington,"Stone Avenue North, 15345"
6885900415,47.7427,-122.34,Ashworth Avenue North,15647,NA,Meridian Park,Washington,"Ashworth Avenue North, 15647"
1074100110,47.7708,-122.335,Meridian Avenue North,19598,NA,King County,Washington,"Meridian Avenue North, 19598"
191100045,47.5639,-122.217,Southeast 46th Street,9140,NA,King County,Washington,"Southeast 46th Street, 9140"
5458800125,47.5786,-122.236,77th Avenue Southeast,3584,NA,Mercer Heights,Washington,"77th Avenue Southeast, 3584"
5450900140,47.5562,-122.22,90th Avenue Southeast,5235,NA,King County,Washington,"90th Avenue Southeast, 5235"
3626500045,47.571,-122.227,Island Crest Way,4201,NA,Mercer Heights,Washington,"Island Crest Way, 4201"
5315100806,47.5833,-122.242,NA,NA,NA,King County,Washington,"NA, NA"
5021900160,47.5768,-122.222,88th Avenue Southeast,3710,NA,Fortuna,Washington,"88th Avenue Southeast, 3710"
5451210100,47.5351,-122.223,86th Avenue Southeast,7509,NA,King County,Washington,"86th Avenue Southeast, 7509"
5482700100,47.5665,-122.229,West Mercer Way,NA,NA,Mercer Heights,Washington,"West Mercer Way, NA"
5021900779,47.5753,-122.224,86th Avenue Southeast,3955,NA,Fortuna,Washington,"86th Avenue Southeast, 3955"
1483300430,47.588,-122.251,62nd Avenue Southeast,2557,NA,McGilvra,Washington,"62nd Avenue Southeast, 2557"
5021900175,47.5763,-122.222,88th Avenue Southeast,3812,NA,Fortuna,Washington,"88th Avenue Southeast, 3812"
1824059079,47.5705,-122.225,85th Avenue Southeast,4254,NA,Mercer Heights,Washington,"85th Avenue Southeast, 4254"
2174503441,47.5866,-122.25,63rd Avenue Southeast,2727,NA,McGilvra,Washington,"63rd Avenue Southeast, 2727"
5459000240,47.5754,-122.233,79th Avenue Southeast,3920,NA,Mercer Heights,Washington,"79th Avenue Southeast, 3920"
6672900220,47.5528,-122.221,Southeast 56th Street,8800,NA,King County,Washington,"Southeast 56th Street, 8800"
5460900120,47.5749,-122.213,96th Avenue Southeast,3912,NA,Fortuna,Washington,"96th Avenue Southeast, 3912"
5459000305,47.5767,-122.233,79th Avenue Southeast,3776,NA,Mercer Heights,Washington,"79th Avenue Southeast, 3776"
2599001200,47.2909,-122.189,Fir Street Southeast,2020,NA,King County,Washington,"Fir Street Southeast, 2020"
7749500160,47.2966,-122.19,Scenic Drive,2924,NA,King County,Washington,"Scenic Drive, 2924"
3977630270,47.3174,-122.127,161st Place Southeast,31705,NA,King County,Washington,"161st Place Southeast, 31705"
3521059042,47.2716,-122.144,Southeast 368th Place,14812,NA,King County,Washington,"Southeast 368th Place, 14812"
3903200050,47.2874,-122.187,Hemlock Street Southeast,2320,NA,King County,Washington,"Hemlock Street Southeast, 2320"
3977630130,47.3156,-122.128,160th Place Southeast,31914,NA,King County,Washington,"160th Place Southeast, 31914"
7524600120,47.3197,-122.117,168th Way Southeast,31314,NA,King County,Washington,"168th Way Southeast, 31314"
4137020820,47.2595,-122.218,James Place Southeast,5421,NA,King County,Washington,"James Place Southeast, 5421"
1922059010,47.3857,-122.215,South 241st Street,9409,NA,King County,Washington,"South 241st Street, 9409"
1922059401,47.3834,-122.215,94th Avenue South,24322,NA,King County,Washington,"94th Avenue South, 24322"
7011201470,47.6364,-122.371,11th Avenue West,1910,Seattle,Interbay,Washington,"11th Avenue West, 1910"
2652500070,47.6423,-122.361,3rd Avenue West,2561,Seattle,King County,Washington,"3rd Avenue West, 2561"
6819100150,47.6448,-122.358,1st Avenue West,2718,Seattle,King County,Washington,"1st Avenue West, 2718"
4232903265,47.6333,-122.362,West Garfield Street,321,Seattle,King County,Washington,"West Garfield Street, 321"
3303700376,47.6221,-122.314,East Harrison Street,1414,Seattle,King County,Washington,"East Harrison Street, 1414"
4385700765,47.6374,-122.279,42nd Avenue East,2015,Seattle,Edgewater Park,Washington,"42nd Avenue East, 2015"
8712100575,47.6364,-122.3,26th Avenue East,1915,Seattle,Montlake,Washington,"26th Avenue East, 1915"
5016002180,47.6233,-122.3,25th Avenue East,419,Seattle,King County,Washington,"25th Avenue East, 419"
1337800855,47.6308,-122.312,East Highland Drive,1510,Seattle,King County,Washington,"East Highland Drive, 1510"
9828700900,47.6205,-122.294,East John Street,2918,Seattle,King County,Washington,"East John Street, 2918"
6788201015,47.6408,-122.3,East Calhoun Street,2505,Seattle,Montlake,Washington,"East Calhoun Street, 2505"
6788200360,47.6412,-122.302,24th Avenue East,2456,Seattle,Montlake,Washington,"24th Avenue East, 2456"
8805900570,47.6419,-122.306,East Miller Street,1924,Seattle,Montlake,Washington,"East Miller Street, 1924"
8712100720,47.6378,-122.301,24th Avenue East,1888,Seattle,Montlake,Washington,"24th Avenue East, 1888"
9828700235,47.6204,-122.292,31st Avenue East,206,Seattle,King County,Washington,"31st Avenue East, 206"
7955040160,47.6644,-122.144,Northeast 65th Street,14699,NA,King County,Washington,"Northeast 65th Street, 14699"
8045000340,47.6688,-122.161,Northeast 75th Street,NA,NA,King County,Washington,"Northeast 75th Street, NA"
9512501370,47.6707,-122.149,143rd Avenue Northeast,7319,NA,King County,Washington,"143rd Avenue Northeast, 7319"
1842300050,47.6696,-122.149,143rd Avenue Northeast,14233,NA,King County,Washington,"143rd Avenue Northeast, 14233"
339600190,47.6826,-122.096,Northeast 91st Street,9105,NA,King County,Washington,"Northeast 91st Street, 9105"
623069068,47.5081,-122.093,185th Avenue Southeast,NA,NA,King County,Washington,"185th Avenue Southeast, NA"
5710600030,47.5328,-122.051,West Sunset Way,918,NA,King County,Washington,"West Sunset Way, 918"
2354300740,47.5286,-122.032,Southeast Bush Street,276,NA,King County,Washington,"Southeast Bush Street, 276"
3424069145,47.5271,-122.036,1st Avenue Southeast,400,NA,King County,Washington,"1st Avenue Southeast, 400"
5279100675,47.5321,-122.029,Northeast Birch Street,468,NA,King County,Washington,"Northeast Birch Street, 468"
2623069031,47.4564,-122.004,252nd Avenue Southeast,16206,NA,King County,Washington,"252nd Avenue Southeast, 16206"
2523069146,47.4511,-121.976,Tiger Mountain Road Southeast,16729,NA,King County,Washington,"Tiger Mountain Road Southeast, 16729"
3388300730,47.4936,-122.069,206th Place Southeast,12021,NA,King County,Washington,"206th Place Southeast, 12021"
1823069155,47.4845,-122.08,195th Place Southeast,13129,NA,Ravenswood,Washington,"195th Place Southeast, 13129"
5706200370,47.5246,-122.044,Mountain Park Boulevard Southwest,502,NA,King County,Washington,"Mountain Park Boulevard Southwest, 502"
5561000430,47.4612,-121.992,Southeast 158th Street,26044,NA,King County,Washington,"Southeast 158th Street, 26044"
5561401530,47.4718,-122.009,Southeast 146th Street,24809,NA,Mirrormont,Washington,"Southeast 146th Street, 24809"
3424069066,47.5172,-122.027,Lewis Lane Southeast,568,NA,Sycamore,Washington,"Lewis Lane Southeast, 568"
1254200075,47.6802,-122.388,24th Avenue Northwest,7021,Seattle,Loyal Heights,Washington,"24th Avenue Northwest, 7021"
2919702075,47.6886,-122.361,Northwest 82nd Street,306,Seattle,Whittier Heights,Washington,"Northwest 82nd Street, 306"
7518502490,47.6801,-122.38,18th Avenue Northwest,7017,Seattle,Whittier Heights,Washington,"18th Avenue Northwest, 7017"
9268200600,47.6959,-122.364,6th Avenue Northwest,9059,Seattle,Crown Hill,Washington,"6th Avenue Northwest, 9059"
9268200315,47.6964,-122.365,7th Avenue Northwest,9209,Seattle,Crown Hill,Washington,"7th Avenue Northwest, 9209"
7518505070,47.6769,-122.383,21st Avenue Northwest,6530,Seattle,King County,Washington,"21st Avenue Northwest, 6530"
2028701165,47.6764,-122.366,8th Avenue Northwest,NA,Seattle,Whittier Heights,Washington,"8th Avenue Northwest, NA"
3501600135,47.6933,-122.361,Northwest 89th Street,309,Seattle,Crown Hill,Washington,"Northwest 89th Street, 309"
4443800960,47.6871,-122.391,27th Avenue Northwest,8009,Seattle,Loyal Heights,Washington,"27th Avenue Northwest, 8009"
2880100240,47.6789,-122.365,7th Avenue Northwest,6739,Seattle,Whittier Heights,Washington,"7th Avenue Northwest, 6739"
7518503685,47.6765,-122.381,19th Avenue Northwest,NA,Seattle,King County,Washington,"19th Avenue Northwest, NA"
1862400087,47.6966,-122.375,Mary Avenue Northwest,9214,Seattle,Crown Hill,Washington,"Mary Avenue Northwest, 9214"
7518507330,47.6765,-122.386,Jones Avenue Northwest,6520,Seattle,King County,Washington,"Jones Avenue Northwest, 6520"
2872100385,47.6826,-122.394,Northwest 74th Street,2822,Seattle,Loyal Heights,Washington,"Northwest 74th Street, 2822"
2856101479,47.6778,-122.389,25th Avenue Northwest,6703,Seattle,Loyal Heights,Washington,"25th Avenue Northwest, 6703"
2356800020,47.6914,-122.372,12th Avenue Northwest,8531,Seattle,Crown Hill,Washington,"12th Avenue Northwest, 8531"
2922701085,47.6887,-122.368,9th Avenue Northwest,8060,Seattle,Whittier Heights,Washington,"9th Avenue Northwest, 8060"
4449800063,47.6892,-122.393,28th Avenue Northwest,8310,Seattle,Loyal Heights,Washington,"28th Avenue Northwest, 8310"
4443800940,47.687,-122.391,27th Avenue Northwest,8005,Seattle,Loyal Heights,Washington,"27th Avenue Northwest, 8005"
1432400335,47.452,-122.177,123rd Avenue Southeast,16812,NA,King County,Washington,"123rd Avenue Southeast, 16812"
2473400340,47.4525,-122.162,133rd Place Southeast,16710,NA,King County,Washington,"133rd Place Southeast, 16710"
1431700370,47.4599,-122.172,Southeast 160th Street,12611,NA,King County,Washington,"Southeast 160th Street, 12611"
5112800421,47.4517,-122.082,Southeast 168th Street,19403,NA,King County,Washington,"Southeast 168th Street, 19403"
2473400570,47.4528,-122.163,133rd Place Southeast,16703,NA,King County,Washington,"133rd Place Southeast, 16703"
2473250850,47.4562,-122.158,Southeast Fairwood Boulevard,13616,NA,Fairwood West,Washington,"Southeast Fairwood Boulevard, 13616"
2817800100,47.4286,-122.179,121st Place Southeast,19254,NA,King County,Washington,"121st Place Southeast, 19254"
1423600300,47.4553,-122.174,126th Avenue Southeast,16512,NA,King County,Washington,"126th Avenue Southeast, 16512"
1432400525,47.4518,-122.179,121st Avenue Southeast,16820,NA,King County,Washington,"121st Avenue Southeast, 16820"
1432900150,47.4567,-122.171,Southeast 164th Street,12762,NA,King County,Washington,"Southeast 164th Street, 12762"
5126400150,47.4768,-122.177,Southeast 6th Street,3108,NA,Maplewood Glen,Washington,"Southeast 6th Street, 3108"
8856890330,47.463,-122.125,Southeast 156th Street,16110,NA,Summerfield,Washington,"Southeast 156th Street, 16110"
984100340,47.4351,-122.173,126th Place Southeast,18601,NA,Boulevard Place,Washington,"126th Place Southeast, 18601"
2473101360,47.4492,-122.157,Southeast 171st Place,13634,NA,King County,Washington,"Southeast 171st Place, 13634"
1432900310,47.4579,-122.17,128th Avenue Southeast,16134,NA,King County,Washington,"128th Avenue Southeast, 16134"
1432701510,47.45,-122.175,125th Avenue Southeast,16882,NA,King County,Washington,"125th Avenue Southeast, 16882"
7229100040,47.4495,-122.17,128th Avenue Southeast,17021,NA,King County,Washington,"128th Avenue Southeast, 17021"
5126400230,47.4763,-122.177,Southeast 6th Street,3113,NA,Maplewood Glen,Washington,"Southeast 6th Street, 3113"
1423700680,47.4559,-122.183,Southeast 164th Street,11811,NA,King County,Washington,"Southeast 164th Street, 11811"
1431700280,47.4602,-122.171,Southeast 160th Street,12638,NA,King County,Washington,"Southeast 160th Street, 12638"
5112800210,47.4509,-122.088,190th Avenue Southeast,16835,NA,King County,Washington,"190th Avenue Southeast, 16835"
3353401710,47.2613,-122.255,5th Avenue Southwest,200,NA,King County,Washington,"5th Avenue Southwest, 200"
3353400860,47.267,-122.25,Milwaukee Boulevard South,117,NA,King County,Washington,"Milwaukee Boulevard South, 117"
303000445,47.327,-122.267,55th Avenue South,30567,NA,King County,Washington,"55th Avenue South, 30567"
3750605349,47.2622,-122.282,42nd Avenue South,37820,NA,Jovita,Washington,"42nd Avenue South, 37820"
1311000600,47.3426,-122.285,39th Avenue South,28821,NA,King County,Washington,"39th Avenue South, 28821"
321049090,47.3424,-122.289,34th Avenue South,28830,NA,King County,Washington,"34th Avenue South, 28830"
4463400195,47.3096,-122.241,Clay Street Northwest,201,NA,King County,Washington,"Clay Street Northwest, 201"
3750603940,47.2633,-122.281,43rd Avenue South,37637,NA,Jovita,Washington,"43rd Avenue South, 37637"
7905400160,47.3068,-122.27,South 329th Place,5120,NA,King County,Washington,"South 329th Place, 5120"
1311000270,47.3398,-122.286,South 292nd Place,3653,NA,King County,Washington,"South 292nd Place, 3653"
321049193,47.3413,-122.29,South 290th Street,3385,NA,King County,Washington,"South 290th Street, 3385"
3353401340,47.2664,-122.256,2nd Avenue Southwest,221,NA,King County,Washington,"2nd Avenue Southwest, 221"
3205000310,47.5407,-122.177,Southeast 70th Street,12166,NA,King County,Washington,"Southeast 70th Street, 12166"
1066600045,47.5233,-122.185,Southeast 89th Street,11614,NA,King County,Washington,"Southeast 89th Street, 11614"
428000055,47.5121,-122.17,Queen Avenue Northeast,2303,NA,Glencoe,Washington,"Queen Avenue Northeast, 2303"
418000310,47.4924,-122.175,Monroe Avenue Northeast,NA,NA,Highlands Park,Washington,"Monroe Avenue Northeast, NA"
9476700135,47.4883,-122.191,Bronson Way Northeast,359,NA,Liberty Ridge,Washington,"Bronson Way Northeast, 359"
3276180140,47.5087,-122.193,Monterey Avenue Northeast,1811,NA,Kennydale,Washington,"Monterey Avenue Northeast, 1811"
3343903640,47.5133,-122.196,Northeast 24th Street,1706,NA,Kennydale,Washington,"Northeast 24th Street, 1706"
8805400090,47.494,-122.165,Northeast 6th Court,4018,NA,President Park,Washington,"Northeast 6th Court, 4018"
7227501745,47.4937,-122.184,Ferndale Place Northeast,649,NA,Highlands Park,Washington,"Ferndale Place Northeast, 649"
7227501450,47.4946,-122.187,Dayton Avenue Northeast,687,NA,Highlands Park,Washington,"Dayton Avenue Northeast, 687"
7227500020,47.4958,-122.191,Northeast 7th Street,2102,NA,Highlands Park,Washington,"Northeast 7th Street, 2102"
422000010,47.4964,-122.168,Northeast 8th Court,3812,NA,President Park,Washington,"Northeast 8th Court, 3812"
421000185,47.4953,-122.169,Redmond Avenue Northeast,751,NA,President Park,Washington,"Redmond Avenue Northeast, 751"
9476200545,47.4919,-122.187,Windsor Place NE,582,NA,Highlands Park,Washington,"Windsor Place NE, 582"
7789000080,47.5112,-122.167,Northeast 22nd Street,3908,NA,Glencoe,Washington,"Northeast 22nd Street, 3908"
7227502155,47.4915,-122.184,Northeast 5th Place,2604,NA,Highlands Park,Washington,"Northeast 5th Place, 2604"
3268000040,47.5234,-122.177,Southeast May Creek Park Drive,12234,NA,Olympus,Washington,"Southeast May Creek Park Drive, 12234"
424500100,47.4959,-122.172,Northeast 8th Street,3507,NA,President Park,Washington,"Northeast 8th Street, 3507"
428000150,47.5104,-122.171,126th Avenue Southeast,10330,NA,Glencoe,Washington,"126th Avenue Southeast, 10330"
419000015,47.492,-122.172,Northeast 6th Street,3505,NA,President Park,Washington,"Northeast 6th Street, 3505"
425200205,47.4971,-122.168,Northeast 9th Court,3801,NA,President Park,Washington,"Northeast 9th Court, 3801"
7227500450,47.4979,-122.183,Glennwood Avenue Northeast,918,NA,Highlands Park,Washington,"Glennwood Avenue Northeast, 918"
420000085,47.4927,-122.169,Northeast 6th Place,3713,NA,President Park,Washington,"Northeast 6th Place, 3713"
2064800600,47.5351,-122.174,125th Avenue Southeast,7462,NA,King County,Washington,"125th Avenue Southeast, 7462"
7227501765,47.494,-122.184,Northeast 7th Street,2609,NA,Highlands Park,Washington,"Northeast 7th Street, 2609"
425200145,47.4974,-122.169,Northeast 9th Court,3708,NA,President Park,Washington,"Northeast 9th Court, 3708"
3343901242,47.5091,-122.19,Blaine Avenue Northeast,1909,NA,Kennydale,Washington,"Blaine Avenue Northeast, 1909"
8074200160,47.4922,-122.178,Jefferson Avenue Northeast,600,NA,Highlands Park,Washington,"Jefferson Avenue Northeast, 600"
1061500510,47.5017,-122.165,Tacoma Avenue Northeast,1108,NA,President Park,Washington,"Tacoma Avenue Northeast, 1108"
7227801580,47.5072,-122.181,Northeast 16th Street,2821,NA,King County,Washington,"Northeast 16th Street, 2821"
418000330,47.4924,-122.174,Northeast 6th Street,3328,NA,President Park,Washington,"Northeast 6th Street, 3328"
7788400065,47.5124,-122.165,Northeast 23rd Place,4013,NA,Glencoe,Washington,"Northeast 23rd Place, 4013"
3343300644,47.5454,-122.192,Lake Washington Boulevard Southeast,6420,NA,King County,Washington,"Lake Washington Boulevard Southeast, 6420"
7809200035,47.4972,-122.176,Monroe Avenue Northeast,863,NA,Highlands Park,Washington,"Monroe Avenue Northeast, 863"
3343901848,47.5068,-122.191,Aberdeen Avenue Northeast,1610,NA,Kennydale,Washington,"Aberdeen Avenue Northeast, 1610"
424500035,47.4959,-122.174,Northeast 8th Street,3323,NA,President Park,Washington,"Northeast 8th Street, 3323"
3344500183,47.511,-122.197,Jones Avenue Northeast,2115,NA,Kennydale,Washington,"Jones Avenue Northeast, 2115"
8026200080,47.5147,-122.193,Monterey Avenue Northeast,2441,NA,Kennydale,Washington,"Monterey Avenue Northeast, 2441"
9476200020,47.4905,-122.191,Grandey Way Northeast,505,NA,Highlands Park,Washington,"Grandey Way Northeast, 505"
1332700010,47.5184,-122.196,Kennewick Place Northeast,2956,NA,Kennydale,Washington,"Kennewick Place Northeast, 2956"
3342102385,47.5215,-122.202,Park Avenue North,3315,NA,Kennydale,Washington,"Park Avenue North, 3315"
418000415,47.4927,-122.172,Northeast 6th Place,3507,NA,President Park,Washington,"Northeast 6th Place, 3507"
421000500,47.4934,-122.166,Northeast 6th Place,3918,NA,President Park,Washington,"Northeast 6th Place, 3918"
7227501190,47.496,-122.189,Northeast 8th Street,2213,NA,Highlands Park,Washington,"Northeast 8th Street, 2213"
7227500740,47.496,-122.186,Edmonds Avenue Northeast,803,NA,Highlands Park,Washington,"Edmonds Avenue Northeast, 803"
9476200650,47.4915,-122.188,Bronson Place Northeast,561,NA,Highlands Park,Washington,"Bronson Place Northeast, 561"
9476200580,47.4914,-122.186,Windsor Place NE,554,NA,Highlands Park,Washington,"Windsor Place NE, 554"
923059206,47.492,-122.166,Northeast 6th Street,3923,NA,President Park,Washington,"Northeast 6th Street, 3923"
2968800626,47.4589,-122.353,14th Avenue Southwest,16023,NA,King County,Washington,"14th Avenue Southwest, 16023"
243000380,47.4536,-122.355,16th Avenue Southwest,16620,NA,Gregory Heights,Washington,"16th Avenue Southwest, 16620"
1218000025,47.4625,-122.345,8th Avenue Southwest,15627,NA,King County,Washington,"8th Avenue Southwest, 15627"
1430800100,47.4713,-122.355,16th Avenue Southwest,14636,NA,Seahurst,Washington,"16th Avenue Southwest, 14636"
4338800685,47.4791,-122.347,10th Avenue Southwest,13730,NA,King County,Washington,"10th Avenue Southwest, 13730"
1217000270,47.4557,-122.348,Southwest 164th Street,1017,NA,King County,Washington,"Southwest 164th Street, 1017"
1900600040,47.4692,-122.35,12th Avenue Southwest,14821,NA,King County,Washington,"12th Avenue Southwest, 14821"
4337600005,47.4811,-122.339,Southwest 136th Street,325,NA,King County,Washington,"Southwest 136th Street, 325"
2968801240,47.4565,-122.35,12th Avenue Southwest,16251,NA,King County,Washington,"12th Avenue Southwest, 16251"
2968801605,47.4571,-122.345,8th Avenue Southwest,16227,NA,King County,Washington,"8th Avenue Southwest, 16227"
5029450850,47.2873,-122.367,Southwest 351st Street,2627,NA,King County,Washington,"Southwest 351st Street, 2627"
9202000080,47.2864,-122.357,Southwest 351st Street,1625,NA,King County,Washington,"Southwest 351st Street, 1625"
1099600090,47.3004,-122.377,Southwest 336th Street,NA,NA,King County,Washington,"Southwest 336th Street, NA"
395800370,47.3313,-122.343,Southwest 302nd Street,606,NA,Redondo Highlands,Washington,"Southwest 302nd Street, 606"
5029450290,47.29,-122.368,Southwest 347th Place,2639,NA,King County,Washington,"Southwest 347th Place, 2639"
8944300010,47.3054,-122.369,Southwest 332nd Street,2662,NA,Twin Lakes,Washington,"Southwest 332nd Street, 2662"
9211500230,47.2989,-122.38,37th Place Southwest,33741,NA,King County,Washington,"37th Place Southwest, 33741"
2123039032,47.4683,-122.438,Southwest Hawthorne Lane,8232,NA,King County,Washington,"Southwest Hawthorne Lane, 8232"
2817100570,47.3714,-122.431,Southwest 259th Place,7815,NA,King County,Washington,"Southwest 259th Place, 7815"
8550001515,47.3551,-122.475,Manzanita Beach Road Southwest,27999,NA,King County,Washington,"Manzanita Beach Road Southwest, 27999"
222029026,47.4285,-122.511,Robinwood Road Southwest,19548,NA,King County,Washington,"Robinwood Road Southwest, 19548"
2551500220,47.4332,-122.446,88th Place Southwest,NA,NA,King County,Washington,"88th Place Southwest, NA"
2051200506,47.365,-122.462,99th Avenue Southwest,26619,NA,King County,Washington,"99th Avenue Southwest, 26619"
1535204365,47.4193,-122.444,87th Avenue Southwest,19923,NA,King County,Washington,"87th Avenue Southwest, 19923"
2436701180,47.667,-122.289,36th Avenue Northeast,5208,Seattle,Ravenna,Washington,"36th Avenue Northeast, 5208"
3856905010,47.6692,-122.325,Northeast 56th Street,309,Seattle,Meridian,Washington,"Northeast 56th Street, 309"
2436700315,47.6665,-122.287,38th Avenue Northeast,5057,Seattle,King County,Washington,"38th Avenue Northeast, 5057"
1928300350,47.6714,-122.32,NA,NA,Seattle,King County,Washington,"NA, NA"
6746700565,47.6684,-122.316,Northeast 55th Street,1103,Seattle,Meridian,Washington,"Northeast 55th Street, 1103"
8827900560,47.6717,-122.295,30th Avenue Northeast,5744,Seattle,Ravenna,Washington,"30th Avenue Northeast, 5744"
3589500260,47.6699,-122.317,Roosevelt Way Northeast,5612,Seattle,King County,Washington,"Roosevelt Way Northeast, 5612"
9550202700,47.6681,-122.324,Northeast 54th Street,334,Seattle,Meridian,Washington,"Northeast 54th Street, 334"
2436700540,47.6659,-122.287,38th Avenue Northeast,5033,Seattle,King County,Washington,"38th Avenue Northeast, 5033"
8813400345,47.6645,-122.288,37th Avenue Northeast,4828,Seattle,King County,Washington,"37th Avenue Northeast, 4828"
9550204450,47.6662,-122.326,Latona Avenue Northeast,5115,Seattle,Meridian,Washington,"Latona Avenue Northeast, 5115"
1796360350,47.3663,-122.089,189th Place Southeast,26222,NA,Covington Woods,Washington,"189th Place Southeast, 26222"
7942100310,47.3811,-122.087,190th Place Southeast,24622,NA,King County,Washington,"190th Place Southeast, 24622"
8648200030,47.363,-122.08,197th Place Southeast,26616,NA,King County,Washington,"197th Place Southeast, 26616"
1865810060,47.3737,-122.115,Southeast 254th Place,16921,NA,King County,Washington,"Southeast 254th Place, 16921"
2916620240,47.3646,-122.076,199th Place Southeast,26418,NA,King County,Washington,"199th Place Southeast, 26418"
8651441620,47.364,-122.094,Southeast 265th Street,18621,NA,Covington Woods,Washington,"Southeast 265th Street, 18621"
8651443480,47.3659,-122.092,187th Court Southeast,26302,NA,Covington Woods,Washington,"187th Court Southeast, 26302"
8651410090,47.3644,-122.082,Southeast 265th Street,19427,NA,King County,Washington,"Southeast 265th Street, 19427"
8651401270,47.3637,-122.083,Southeast 266th Street,19423,NA,King County,Washington,"Southeast 266th Street, 19423"
8651400750,47.3625,-122.084,Southeast 267th Street,19409,NA,King County,Washington,"Southeast 267th Street, 19409"
322059097,47.4193,-122.149,Southeast 204th Place,14404,NA,King County,Washington,"Southeast 204th Place, 14404"
2522059112,47.3614,-122.119,Southeast 268th Street,16635,NA,King County,Washington,"Southeast 268th Street, 16635"
7942200050,47.3833,-122.093,Southeast 244th Place,18518,NA,King County,Washington,"Southeast 244th Place, 18518"
7942100290,47.3816,-122.087,Southeast Wax Road,19009,NA,King County,Washington,"Southeast Wax Road, 19009"
2212900920,47.3281,-122.135,Southeast 306th Street,15412,NA,King County,Washington,"Southeast 306th Street, 15412"
8651430780,47.3704,-122.08,Southeast 259th Street,19601,NA,King County,Washington,"Southeast 259th Street, 19601"
1274500420,47.3627,-122.108,175th Avenue Southeast,26605,NA,King County,Washington,"175th Avenue Southeast, 26605"
8651402910,47.3627,-122.087,Southeast 266th Street,19023,NA,Covington Woods,Washington,"Southeast 266th Street, 19023"
2618300190,47.422,-122.153,Southeast 201st Street,14033,NA,King County,Washington,"Southeast 201st Street, 14033"
8651410740,47.3677,-122.078,Southeast 261st Street,19713,NA,King County,Washington,"Southeast 261st Street, 19713"
8092700230,47.3659,-122.113,171st Place Southeast,26344,NA,King County,Washington,"171st Place Southeast, 26344"
8651411460,47.3683,-122.079,Southeast 261st Street,19520,NA,King County,Washington,"Southeast 261st Street, 19520"
2212900180,47.3266,-122.138,153rd Avenue Southeast,30703,NA,King County,Washington,"153rd Avenue Southeast, 30703"
7942100180,47.3828,-122.09,Southeast 244th Place,18827,NA,King County,Washington,"Southeast 244th Place, 18827"
5469300330,47.374,-122.141,150th Place Southeast,25411,NA,King County,Washington,"150th Place Southeast, 25411"
8651443360,47.3638,-122.088,Southeast 265th Street,18903,NA,Covington Woods,Washington,"Southeast 265th Street, 18903"
6600400270,47.3244,-122.144,148th Avenue Southeast,30920,NA,Wynaco,Washington,"148th Avenue Southeast, 30920"
322059264,47.4206,-122.155,140th Avenue Southeast,20225,NA,King County,Washington,"140th Avenue Southeast, 20225"
8651411070,47.3686,-122.081,195th Place Southeast,26113,NA,King County,Washington,"195th Place Southeast, 26113"
1796380060,47.3658,-122.085,191st Place Southeast,NA,NA,Covington Woods,Washington,"191st Place Southeast, NA"
6600400370,47.3248,-122.142,Southeast 309th Street,14921,NA,Wynaco,Washington,"Southeast 309th Street, 14921"
8651411420,47.3684,-122.08,Southeast 261st Street,19509,NA,King County,Washington,"Southeast 261st Street, 19509"
8651443420,47.366,-122.093,187th Court Southeast,26313,NA,Covington Woods,Washington,"187th Court Southeast, 26313"
8651400730,47.3607,-122.085,Southeast 269th Street,19212,NA,King County,Washington,"Southeast 269th Street, 19212"
2569600150,47.3604,-122.111,172nd Place Southeast,26860,NA,King County,Washington,"172nd Place Southeast, 26860"
8651402700,47.3613,-122.088,Southeast 269th Street,19018,NA,King County,Washington,"Southeast 269th Street, 19018"
8651441210,47.3651,-122.094,187th Avenue Southeast,26413,NA,Covington Woods,Washington,"187th Avenue Southeast, 26413"
8651430870,47.3695,-122.081,196th Avenue Southeast,26017,NA,King County,Washington,"196th Avenue Southeast, 26017"
8651441750,47.3636,-122.093,NA,NA,NA,Covington Woods,Washington,"NA, NA"
5547500050,47.3815,-122.09,Southeast 245th Court,18817,NA,King County,Washington,"Southeast 245th Court, 18817"
8651402750,47.3615,-122.087,191st Place Southeast,26739,NA,King County,Washington,"191st Place Southeast, 26739"
8651410670,47.3665,-122.082,195th Place Southeast,26211,NA,King County,Washington,"195th Place Southeast, 26211"
8651410190,47.3648,-122.081,195th Place Southeast,26420,NA,King County,Washington,"195th Place Southeast, 26420"
8651430220,47.3702,-122.078,Southeast 259th Street,19628,NA,King County,Washington,"Southeast 259th Street, 19628"
8651430210,47.3701,-122.078,NA,NA,NA,King County,Washington,"NA, NA"
8651400580,47.3608,-122.083,194th Avenue Southeast,26812,NA,King County,Washington,"194th Avenue Southeast, 26812"
8092500720,47.3675,-122.11,Southeast 261st Street,17217,NA,King County,Washington,"Southeast 261st Street, 17217"
3222069156,47.3437,-122.078,Southeast Covington Sawyer Road,19808,NA,King County,Washington,"Southeast Covington Sawyer Road, 19808"
621069154,47.3423,-122.088,Southeast Covington Sawyer Road,19020,NA,King County,Washington,"Southeast Covington Sawyer Road, 19020"
3298300130,47.6214,-122.119,Northeast 13th Street,16598,Bellevue,King County,Washington,"Northeast 13th Street, 16598"
3275750290,47.6233,-122.108,173rd Avenue Northeast,1515,Bellevue,Bretton Wood,Washington,"173rd Avenue Northeast, 1515"
3298200320,47.62,-122.12,165th Place Northeast,1183,Bellevue,King County,Washington,"165th Place Northeast, 1183"
7752000065,47.6345,-122.123,Northeast 27th Street,16296,Bellevue,King County,Washington,"Northeast 27th Street, 16296"
259800680,47.629,-122.117,Northeast 21st Street,16752,Bellevue,King County,Washington,"Northeast 21st Street, 16752"
5231000060,47.5015,-122.124,162nd Avenue Southeast,11311,NA,King County,Washington,"162nd Avenue Southeast, 11311"
7230200340,47.475,-122.11,Southeast 142nd Street,17229,NA,King County,Washington,"Southeast 142nd Street, 17229"
9353300140,47.4887,-122.133,156th Avenue Southeast,12654,NA,Willowbrook,Washington,"156th Avenue Southeast, 12654"
2787720140,47.5124,-122.16,Northeast 23rd Court,4434,NA,Glencoe,Washington,"Northeast 23rd Court, 4434"
3450300270,47.5008,-122.162,Whitman Court Northeast,1059,NA,Hidden Creek,Washington,"Whitman Court Northeast, 1059"
7230300100,47.4703,-122.112,171st Avenue Southeast,14714,NA,King County,Washington,"171st Avenue Southeast, 14714"
9353300090,47.4898,-122.133,156th Avenue Southeast,12612,NA,Willowbrook,Washington,"156th Avenue Southeast, 12612"
3450300020,47.5009,-122.164,Northeast 11th Street,4104,NA,Hidden Creek,Washington,"Northeast 11th Street, 4104"
2787720170,47.512,-122.16,Northeast 23rd Court,4431,NA,Glencoe,Washington,"Northeast 23rd Court, 4431"
5169700022,47.5089,-122.155,Elma Avenue Northeast,1815,NA,King County,Washington,"Elma Avenue Northeast, 1815"
323059146,47.5031,-122.152,Hoquiam Avenue Northeast,1201,NA,Hidden Creek,Washington,"Hoquiam Avenue Northeast, 1201"
2787700150,47.5067,-122.16,Northeast 17th Street,4417,NA,Glencoe,Washington,"Northeast 17th Street, 4417"
3211100240,47.4801,-122.158,Southeast 4th Street,4524,NA,Heather Downs,Washington,"Southeast 4th Street, 4524"
2787700060,47.5067,-122.163,Northeast 17th Street,4209,NA,Glencoe,Washington,"Northeast 17th Street, 4209"
1081310060,47.4721,-122.123,Southeast 145th Place,16135,NA,King County,Washington,"Southeast 145th Place, 16135"
323059208,47.5091,-122.144,Southeast 105th Place,14712,NA,King County,Washington,"Southeast 105th Place, 14712"
5095401360,47.4694,-122.069,204th Avenue Southeast,14826,NA,King County,Washington,"204th Avenue Southeast, 14826"
2787700180,47.5066,-122.159,Northeast 17th Street,4505,NA,Glencoe,Washington,"Northeast 17th Street, 4505"
7229900145,47.4821,-122.108,Southeast 134th Street,17355,NA,King County,Washington,"Southeast 134th Street, 17355"
3211101010,47.4807,-122.157,Chelan Avenue Southeast,306,NA,Heather Downs,Washington,"Chelan Avenue Southeast, 306"
7230300610,47.4695,-122.116,169th Avenue Southeast,14727,NA,King County,Washington,"169th Avenue Southeast, 14727"
7229900285,47.4837,-122.11,Southeast 133rd Street,17316,NA,King County,Washington,"Southeast 133rd Street, 17316"
5104200380,47.4772,-122.144,Southeast 140th Street,14627,NA,King County,Washington,"Southeast 140th Street, 14627"
3211000190,47.4806,-122.163,Vashon Avenue Southeast,263,NA,Heather Downs,Washington,"Vashon Avenue Southeast, 263"
2787700630,47.5078,-122.161,Anacortes Avenue Northeast,1733,NA,Glencoe,Washington,"Anacortes Avenue Northeast, 1733"
5229300027,47.4978,-122.115,Southeast Renton Issaquah Road,16819,NA,King County,Washington,"Southeast Renton Issaquah Road, 16819"
1081330210,47.469,-122.121,164th Place Southeast,14917,NA,King County,Washington,"164th Place Southeast, 14917"
1523059103,47.4833,-122.157,Duvall Avenue Northeast,109,NA,South Union,Washington,"Duvall Avenue Northeast, 109"
3793700210,47.4818,-122.094,Southeast 135th Street,18438,NA,King County,Washington,"Southeast 135th Street, 18438"
3449000060,47.5022,-122.145,Southeast 113th Street,14610,NA,King County,Washington,"Southeast 113th Street, 14610"
2258500049,47.609,-122.307,East Columbia Street,1911,Seattle,King County,Washington,"East Columbia Street, 1911"
9818700430,47.6051,-122.298,27th Avenue,327,Seattle,King County,Washington,"27th Avenue, 327"
1186000150,47.6157,-122.291,32nd Avenue,1612,Seattle,King County,Washington,"32nd Avenue, 1612"
7942600975,47.6054,-122.314,14th Avenue,414,Seattle,Little Saigon,Washington,"14th Avenue, 414"
9818700455,47.6048,-122.298,27th Avenue,315,Seattle,King County,Washington,"27th Avenue, 315"
3253500160,47.5747,-122.304,22nd Avenue South,3214,Seattle,King County,Washington,"22nd Avenue South, 3214"
5393601050,47.5834,-122.307,South Walker Street,1923,Seattle,King County,Washington,"South Walker Street, 1923"
7319900345,47.5772,-122.307,20th Avenue South,2919,Seattle,King County,Washington,"20th Avenue South, 2919"
1250201130,47.5972,-122.296,28th Avenue South,524,Seattle,King County,Washington,"28th Avenue South, 524"
1250201194,47.5976,-122.295,29th Avenue South,515,Seattle,King County,Washington,"29th Avenue South, 515"
3644100072,47.5918,-122.295,29th Avenue South,1310,Seattle,King County,Washington,"29th Avenue South, 1310"
3644100030,47.5917,-122.296,Bradner Place South,1316,Seattle,King County,Washington,"Bradner Place South, 1316"
3644100073,47.5918,-122.295,29th Avenue South,1310,Seattle,King County,Washington,"29th Avenue South, 1310"
4395600060,47.6132,-122.21,Northeast 1st Street,9730,Bellevue,Moorland,Washington,"Northeast 1st Street, 9730"
824059083,47.5892,-122.203,104th Avenue Southeast,2399,Bellevue,King County,Washington,"104th Avenue Southeast, 2399"
824059277,47.582,-122.194,110th Avenue Southeast,3183,Bellevue,King County,Washington,"110th Avenue Southeast, 3183"
4389201021,47.6169,-122.212,97th Avenue Northeast,NA,Bellevue,King County,Washington,"97th Avenue Northeast, NA"
686900030,47.6354,-122.196,108th Avenue Northeast,2798,Bellevue,Ashwood,Washington,"108th Avenue Northeast, 2798"
6669000070,47.6273,-122.194,Northeast 19th Place,10854,Bellevue,Ashwood,Washington,"Northeast 19th Place, 10854"
3860900111,47.5945,-122.201,104th Avenue Southeast,1880,Bellevue,King County,Washington,"104th Avenue Southeast, 1880"
629000410,47.5862,-122.202,Southeast 27th Street,10427,NA,King County,Washington,"Southeast 27th Street, 10427"
629000704,47.5849,-122.198,106th Place Southeast,2833,NA,King County,Washington,"106th Place Southeast, 2833"
6664000130,47.5904,-122.194,109th Avenue Southeast,2294,Bellevue,King County,Washington,"109th Avenue Southeast, 2294"
4389200761,47.6155,-122.21,98th Avenue Northeast,432,Bellevue,King County,Washington,"98th Avenue Northeast, 432"
514500090,47.5877,-122.157,Southeast 26th Street,13736,Bellevue,King County,Washington,"Southeast 26th Street, 13736"
9541800075,47.5919,-122.175,123rd Avenue Southeast,2076,Bellevue,Norwood Village,Washington,"123rd Avenue Southeast, 2076"
2330000035,47.6118,-122.169,Northeast 2nd Street,12833,Bellevue,Belridge,Washington,"Northeast 2nd Street, 12833"
9542400010,47.5968,-122.174,Southeast 19th Street,NA,Bellevue,Woodridge,Washington,"Southeast 19th Street, NA"
5307100280,47.5849,-122.169,Southeast 29th Street,12804,Bellevue,King County,Washington,"Southeast 29th Street, 12804"
3191000240,47.7146,-122.217,93rd Place Northeast,12632,NA,King County,Washington,"93rd Place Northeast, 12632"
9477100060,47.7321,-122.195,109th Avenue Northeast,14366,NA,King County,Washington,"109th Avenue Northeast, 14366"
9477001280,47.7357,-122.193,Juanita-Woodinville Way Northeast,NA,NA,King County,Washington,"Juanita-Woodinville Way Northeast, NA"
3303230110,47.7271,-122.196,109th Avenue Northeast,14048,NA,King County,Washington,"109th Avenue Northeast, 14048"
1853200080,47.7119,-122.23,84th Avenue Northeast,12411,NA,King County,Washington,"84th Avenue Northeast, 12411"
1138000250,47.7141,-122.213,Northeast 127th Place,9753,NA,King County,Washington,"Northeast 127th Place, 9753"
8835200330,47.723,-122.162,134th Court Northeast,13631,NA,King County,Washington,"134th Court Northeast, 13631"
7696300180,47.7306,-122.233,81st Avenue Northeast,14232,NA,King County,Washington,"81st Avenue Northeast, 14232"
1049010050,47.7381,-122.179,122nd Court Northeast,15118,NA,King County,Washington,"122nd Court Northeast, 15118"
9477000650,47.7351,-122.189,114th Avenue Northeast,14720,NA,King County,Washington,"114th Avenue Northeast, 14720"
7527200030,47.5896,-122.083,192nd Avenue Southeast,2190,NA,King County,Washington,"192nd Avenue Southeast, 2190"
8099900260,47.5816,-122.0,255th Avenue Southeast,3027,NA,Tibbets Station,Washington,"255th Avenue Southeast, 3027"
1024069037,47.5821,-122.016,Southeast 30th Street,24275,NA,King County,Washington,"Southeast 30th Street, 24275"
3570000160,47.593,-122.054,Southeast 19th Street,21301,NA,King County,Washington,"Southeast 19th Street, 21301"
1024069063,47.5832,-122.02,Southeast 30th Street,23962,NA,King County,Washington,"Southeast 30th Street, 23962"
952002765,47.5654,-122.384,41st Avenue Southwest,4138,Seattle,King County,Washington,"41st Avenue Southwest, 4138"
2313900560,47.573,-122.383,40th Avenue Southwest,3403,Seattle,Admiral,Washington,"40th Avenue Southwest, 3403"
6384500581,47.5688,-122.397,51st Avenue Southwest,3850,Seattle,King County,Washington,"51st Avenue Southwest, 3850"
585000008,47.5828,-122.395,Southwest Prince Street,5012,Seattle,Admiral,Washington,"Southwest Prince Street, 5012"
6385000025,47.5713,-122.397,51st Avenue Southwest,3626,Seattle,King County,Washington,"51st Avenue Southwest, 3626"
513000445,47.5758,-122.382,Southwest Hanford Street,3908,Seattle,Admiral,Washington,"Southwest Hanford Street, 3908"
3389900800,47.5628,-122.391,Southwest Oregon Street,4609,Seattle,King County,Washington,"Southwest Oregon Street, 4609"
324000370,47.5719,-122.385,41st Avenue Southwest,3441,Seattle,Admiral,Washington,"41st Avenue Southwest, 3441"
7905200230,47.571,-122.391,46th Avenue Southwest,3639,Seattle,King County,Washington,"46th Avenue Southwest, 3639"
952001765,47.5668,-122.384,41st Avenue Southwest,4050,Seattle,King County,Washington,"41st Avenue Southwest, 4050"
7579200715,47.5586,-122.383,40th Avenue Southwest,4823,Seattle,King County,Washington,"40th Avenue Southwest, 4823"
9278200095,47.5751,-122.393,48th Avenue Southwest,3224,Seattle,Admiral,Washington,"48th Avenue Southwest, 3224"
8100000090,47.3126,-122.023,Sunny Lane,32214,NA,King County,Washington,"Sunny Lane, 32214"
844001140,47.3106,-121.999,Lawson Street,25724,NA,Lawson Hill Estates,Washington,"Lawson Street, 25724"
844000425,47.3091,-122.006,1st Avenue,32614,NA,Lawson Hill Estates,Washington,"1st Avenue, 32614"
3622069050,47.3531,-121.982,Southeast Ravensdale Way,26916,NA,King County,Washington,"Southeast Ravensdale Way, 26916"
3222079136,47.3492,-121.935,307th Avenue Southeast,28125,NA,King County,Washington,"307th Avenue Southeast, 28125"
421069081,47.3326,-122.046,224th Avenue Southeast,30033,NA,King County,Washington,"224th Avenue Southeast, 30033"
3332500265,47.5496,-122.279,South Juneau Street,4241,Seattle,Brighton,Washington,"South Juneau Street, 4241"
7129302615,47.5157,-122.256,South Pilgrim Street,6111,Seattle,Rainier Beach,Washington,"South Pilgrim Street, 6111"
323049148,47.5162,-122.274,South Roxbury Street,4601,Seattle,Rainier Beach,Washington,"South Roxbury Street, 4601"
6882510020,47.5298,-122.28,South Elmgrove Street,4209,Seattle,King County,Washington,"South Elmgrove Street, 4209"
3336001470,47.5255,-122.265,Wabash Avenue South,8659,Seattle,Rainier Beach,Washington,"Wabash Avenue South, 8659"
3904100220,47.5317,-122.276,South Kenyon Street,4452,Seattle,Dunlap,Washington,"South Kenyon Street, 4452"
3330500925,47.5518,-122.277,South Findlay Street,4521,Seattle,Brighton,Washington,"South Findlay Street, 4521"
2658000215,47.5298,-122.271,50th Avenue South,8113,Seattle,Dunlap,Washington,"50th Avenue South, 8113"
2123700100,47.5271,-122.274,47th Avenue South,8421,Seattle,Rainier Beach,Washington,"47th Avenue South, 8421"
3419600125,47.5276,-122.274,47th Avenue South,8411,Seattle,Rainier Beach,Washington,"47th Avenue South, 8411"
7338401230,47.5332,-122.29,South Portland Street,3218,Seattle,King County,Washington,"South Portland Street, 3218"
6882510060,47.5303,-122.28,South Elmgrove Street,4226,Seattle,King County,Washington,"South Elmgrove Street, 4226"
8113101000,47.5486,-122.278,44th Avenue South,5958,Seattle,Brighton,Washington,"44th Avenue South, 5958"
3331001165,47.5514,-122.284,South Orcas Street,3822,Seattle,Brighton,Washington,"South Orcas Street, 3822"
7129304225,47.5183,-122.266,53rd Avenue South,9320,Seattle,Rainier Beach,Washington,"53rd Avenue South, 9320"
7129302185,47.5149,-122.257,61st Avenue South,9720,Seattle,Rainier Beach,Washington,"61st Avenue South, 9720"
2589300065,47.5362,-122.271,Rainier Avenue South,7325,Seattle,Dunlap,Washington,"Rainier Avenue South, 7325"
7562100065,47.5276,-122.273,48th Avenue South,8411,Seattle,Rainier Beach,Washington,"48th Avenue South, 8411"
7129303180,47.5181,-122.257,South Redwing Street,6051,Seattle,Rainier Beach,Washington,"South Redwing Street, 6051"
3031200120,47.5372,-122.289,South Othello Street,3316,Seattle,Holly Park,Washington,"South Othello Street, 3316"
6821102100,47.6493,-122.398,32nd Avenue West,3218,Seattle,Lawton Park,Washington,"32nd Avenue West, 3218"
1370803820,47.6408,-122.403,Piedmont Place West,2445,Seattle,Carleton Park,Washington,"Piedmont Place West, 2445"
6821100090,47.6567,-122.399,33rd Avenue West,4026,Seattle,Lawton Park,Washington,"33rd Avenue West, 4026"
6822100310,47.6495,-122.401,34th Avenue West,3223,Seattle,Lawton Park,Washington,"34th Avenue West, 3223"
6822100030,47.6496,-122.403,35th Avenue West,3229,Seattle,Carleton Park,Washington,"35th Avenue West, 3229"
8127700210,47.6419,-122.394,29th Avenue West,2526,Seattle,Lawton Park,Washington,"29th Avenue West, 2526"
2771104010,47.6456,-122.383,21st Avenue West,2826,Seattle,Interbay,Washington,"21st Avenue West, 2826"
7010701383,47.6599,-122.396,30th Avenue West,4350,Seattle,Lawton Park,Washington,"30th Avenue West, 4350"
6822100155,47.6493,-122.401,34th Avenue West,3215,Seattle,Lawton Park,Washington,"34th Avenue West, 3215"
3686900025,47.3769,-122.234,West Crow Street,218,NA,King County,Washington,"West Crow Street, 218"
6146600185,47.3877,-122.234,1st Avenue North,733,NA,Downtown,Washington,"1st Avenue North, 733"
8857600220,47.3864,-122.287,South 240th Street,3545,NA,King County,Washington,"South 240th Street, 3545"
9407001860,47.4487,-121.772,426th Place Southeast,16899,NA,Wilderness Rim,Washington,"426th Place Southeast, 16899"
9407001340,47.4456,-121.773,426th Avenue Southeast,17198,NA,Wilderness Rim,Washington,"426th Avenue Southeast, 17198"
7334500120,47.4648,-121.757,Southeast 150th Street,43736,NA,King County,Washington,"Southeast 150th Street, 43736"
9407001320,47.4462,-121.773,426th Avenue Southeast,17158,NA,Wilderness Rim,Washington,"426th Avenue Southeast, 17158"
626100023,47.7201,-122.062,208th Avenue Northeast,13597,NA,King County,Washington,"208th Avenue Northeast, 13597"
1771110090,47.7567,-122.073,197th Place Northeast,17602,NA,King County,Washington,"197th Place Northeast, 17602"
1626069178,47.7409,-122.052,Northeast 156th Street,21387,NA,King County,Washington,"Northeast 156th Street, 21387"
1771100440,47.7566,-122.073,197th Place Northeast,17600,NA,King County,Washington,"197th Place Northeast, 17600"
1626069220,47.7361,-122.046,Northeast 150th Street,21745,NA,King County,Washington,"Northeast 150th Street, 21745"
7549802600,47.55,-122.312,16th Avenue South,5840,Seattle,Van Asselt,Washington,"16th Avenue South, 5840"
7883608693,47.5269,-122.314,Dallas Avenue South,8519,Seattle,South Park,Washington,"Dallas Avenue South, 8519"
6082400260,47.4832,-122.299,South 135th Street,2612,SeaTac,King County,Washington,"South 135th Street, 2612"
795000820,47.5033,-122.329,South 112th Street,316,Seattle,King County,Washington,"South 112th Street, 316"
179000100,47.4927,-122.28,42nd Avenue South,12258,NA,King County,Washington,"42nd Avenue South, 12258"
1446403305,47.4882,-122.325,7th Avenue South,12807,NA,King County,Washington,"7th Avenue South, 12807"
1446404015,47.4878,-122.324,8th Avenue South,12901,NA,Highline,Washington,"8th Avenue South, 12901"
42000006,47.4702,-122.281,42nd Avenue South,14812,NA,King County,Washington,"42nd Avenue South, 14812"
1623049145,47.4885,-122.298,South 128th Street,2643,SeaTac,King County,Washington,"South 128th Street, 2643"
8018600980,47.4939,-122.318,12th Avenue South,12214,NA,King County,Washington,"12th Avenue South, 12214"
7279300070,47.7612,-122.362,Northwest 182nd Street,378,NA,King County,Washington,"Northwest 182nd Street, 378"
1124000050,47.7181,-122.371,11th Avenue Northwest,12203,Seattle,King County,Washington,"11th Avenue Northwest, 12203"
259100110,47.7602,-122.363,Northwest 181st Street,400,NA,King County,Washington,"Northwest 181st Street, 400"
3626039207,47.7049,-122.359,Northwest 105th Street,119,Seattle,King County,Washington,"Northwest 105th Street, 119"
3904910050,47.5688,-122.019,243rd Avenue Southeast,3589,NA,Hunter's Ridge,Washington,"243rd Avenue Southeast, 3589"
6073200075,47.5724,-122.179,Southeast 42nd Street,12115,Bellevue,Newport Shores,Washington,"Southeast 42nd Street, 12115"
6067910030,47.5427,-122.181,119th Place Southeast,6854,Bellevue,King County,Washington,"119th Place Southeast, 6854"
6067900060,47.5433,-122.185,117th Avenue Southeast,6605,Bellevue,King County,Washington,"117th Avenue Southeast, 6605"
6072100140,47.545,-122.171,Southeast 65th Street,NA,Bellevue,King County,Washington,"Southeast 65th Street, NA"
2024059084,47.5515,-122.189,Lake Washington Boulevard Southeast,5848,Bellevue,King County,Washington,"Lake Washington Boulevard Southeast, 5848"
2206700295,47.5637,-122.139,Southeast 46th Street,15053,Bellevue,King County,Washington,"Southeast 46th Street, 15053"
6071700160,47.549,-122.173,Southeast 61st Street,12596,Bellevue,King County,Washington,"Southeast 61st Street, 12596"
2202500110,47.5732,-122.136,153rd Avenue Southeast,4070,Bellevue,King County,Washington,"153rd Avenue Southeast, 4070"
6072100490,47.5448,-122.174,Southeast 65th Street,12514,Bellevue,King County,Washington,"Southeast 65th Street, 12514"
6072400820,47.5569,-122.176,123rd Avenue Southeast,5101,Bellevue,King County,Washington,"123rd Avenue Southeast, 5101"
8562800250,47.5599,-122.142,Southeast 47th Place,14903,Bellevue,King County,Washington,"Southeast 47th Place, 14903"
6072760670,47.563,-122.178,121st Avenue Southeast,4613,Bellevue,King County,Washington,"121st Avenue Southeast, 4613"
643300010,47.5683,-122.178,Southeast 44th Place,12128,Bellevue,King County,Washington,"Southeast 44th Place, 12128"
6072500050,47.5456,-122.179,121st Avenue Southeast,6311,Bellevue,King County,Washington,"121st Avenue Southeast, 6311"
9346910500,47.5627,-122.137,Southeast 46th Way,15338,Bellevue,King County,Washington,"Southeast 46th Way, 15338"
6073200020,47.5728,-122.179,Southeast 42nd Street,12114,Bellevue,Newport Shores,Washington,"Southeast 42nd Street, 12114"
2206700215,47.566,-122.14,Southeast 45th Street,15001,Bellevue,King County,Washington,"Southeast 45th Street, 15001"
2141310820,47.559,-122.136,Southeast 48th Street,NA,Bellevue,King County,Washington,"Southeast 48th Street, NA"
1777600230,47.5694,-122.132,Southeast 43rd Street,15514,Bellevue,King County,Washington,"Southeast 43rd Street, 15514"
2141300620,47.5582,-122.139,151st Avenue Southeast,4852,Bellevue,King County,Washington,"151st Avenue Southeast, 4852"
6071300030,47.5531,-122.177,119th Avenue Southeast,5464,Bellevue,King County,Washington,"119th Avenue Southeast, 5464"
2206700070,47.567,-122.139,Southeast 44th Place,15062,Bellevue,King County,Washington,"Southeast 44th Place, 15062"
2204500550,47.5729,-122.147,Southeast Allen Road,14448,Bellevue,King County,Washington,"Southeast Allen Road, 14448"
2600110560,47.5515,-122.153,140th Place Southeast,5799,Bellevue,King County,Washington,"140th Place Southeast, 5799"
2824059128,47.5421,-122.172,127th Place Southeast,6699,Bellevue,King County,Washington,"127th Place Southeast, 6699"
6071400710,47.553,-122.174,125th Avenue Southeast,5586,Bellevue,King County,Washington,"125th Avenue Southeast, 5586"
6071000310,47.56,-122.181,Southeast 49th Place,11832,Bellevue,King County,Washington,"Southeast 49th Place, 11832"
4036100175,47.5606,-122.184,Southeast 48th Street,11715,Bellevue,King County,Washington,"Southeast 48th Street, 11715"
1777600210,47.5698,-122.132,155th Place Southeast,4224,Bellevue,King County,Washington,"155th Place Southeast, 4224"
6072000910,47.5479,-122.179,121st Avenue Southeast,6119,Bellevue,King County,Washington,"121st Avenue Southeast, 6119"
2204500480,47.572,-122.147,Southeast 42nd Street,14450,Bellevue,King County,Washington,"Southeast 42nd Street, 14450"
6072400280,47.5602,-122.176,Southeast 47th Place,12267,Bellevue,King County,Washington,"Southeast 47th Place, 12267"
2211700290,47.565,-122.116,Southeast 45th Street,16785,Bellevue,King County,Washington,"Southeast 45th Street, 16785"
2201500680,47.5718,-122.136,Southeast 42nd Street,15352,Bellevue,King County,Washington,"Southeast 42nd Street, 15352"
2141320230,47.5584,-122.137,Southeast 48th Street,NA,Bellevue,King County,Washington,"Southeast 48th Street, NA"
1951800580,47.5403,-122.168,129th Place Southeast,6800,Bellevue,King County,Washington,"129th Place Southeast, 6800"
4139660040,47.5501,-122.128,Southeast 59th Place,15891,Bellevue,King County,Washington,"Southeast 59th Place, 15891"
2205700180,47.5754,-122.15,142nd Place Southeast,3848,Bellevue,King County,Washington,"142nd Place Southeast, 3848"
2024059059,47.5538,-122.191,Lake Washington Boulevard Southeast,5597,Bellevue,King County,Washington,"Lake Washington Boulevard Southeast, 5597"
6071200455,47.5531,-122.181,Southeast 56th Street,11819,Bellevue,King County,Washington,"Southeast 56th Street, 11819"
1777600900,47.5678,-122.128,Southeast 43rd Place,15866,Bellevue,King County,Washington,"Southeast 43rd Place, 15866"
809002435,47.6372,-122.352,3rd Avenue North,2023,Seattle,King County,Washington,"3rd Avenue North, 2023"
5244801275,47.6436,-122.352,3rd Avenue North,2609,Seattle,King County,Washington,"3rd Avenue North, 2609"
1929300415,47.6428,-122.348,5th Avenue North,2568,Seattle,King County,Washington,"5th Avenue North, 2568"
5437820310,47.1951,-122.001,Harmony Lane,506,NA,King County,Washington,"Harmony Lane, 506"
1917300260,47.2105,-121.989,Davis Avenue,1516,NA,King County,Washington,"Davis Avenue, 1516"
7710100083,47.2093,-122.0,Garfield Street,1931,NA,King County,Washington,"Garfield Street, 1931"
4102000075,47.2653,-121.91,West Lake Walker Drive Southeast,37316,NA,King County,Washington,"West Lake Walker Drive Southeast, 37316"
2420069017,47.2107,-121.99,Porter Street,2930,NA,King County,Washington,"Porter Street, 2930"
5706500140,47.2113,-121.992,Wilson Avenue,1811,NA,King County,Washington,"Wilson Avenue, 1811"
2420069251,47.2082,-121.995,Marshall Avenue,1849,NA,King County,Washington,"Marshall Avenue, 1849"
8005100025,47.2052,-121.987,Washington Avenue,1108,NA,King County,Washington,"Washington Avenue, 1108"
5602000025,47.206,-121.998,Pioneer Street,1560,NA,King County,Washington,"Pioneer Street, 1560"
2320069206,47.2092,-121.997,Lafromboise Street,1926,NA,King County,Washington,"Lafromboise Street, 1926"
853000261,47.2053,-121.993,Griffin Avenue,1529,NA,King County,Washington,"Griffin Avenue, 1529"
5595900280,47.2046,-121.996,Lafromboise Street,1449,NA,King County,Washington,"Lafromboise Street, 1449"
2372800050,47.201,-121.999,Harding Street,1122,NA,King County,Washington,"Harding Street, 1122"
8029200190,47.2094,-121.996,Lafromboise Street,1943,NA,King County,Washington,"Lafromboise Street, 1943"
5602000275,47.2056,-121.999,Harding Street,1522,NA,King County,Washington,"Harding Street, 1522"
6018500120,47.2008,-121.995,Lincoln Avenue,2007,NA,King County,Washington,"Lincoln Avenue, 2007"
8005100540,47.2077,-121.993,Washington Avenue,1730,NA,King County,Washington,"Washington Avenue, 1730"
1645000710,47.2098,-122.004,McKinley Street,1964,NA,King County,Washington,"McKinley Street, 1964"
2220069196,47.2063,-122.023,239th Place Southeast,44019,NA,King County,Washington,"239th Place Southeast, 44019"
5602000105,47.2048,-121.999,Harding Street,1456,NA,King County,Washington,"Harding Street, 1456"
5595900316,47.205,-121.996,Lafromboise Street,1469,NA,King County,Washington,"Lafromboise Street, 1469"
2372800145,47.2005,-121.999,Harding Street,1078,NA,King County,Washington,"Harding Street, 1078"
5595900210,47.205,-121.995,Division Street,1486,NA,King County,Washington,"Division Street, 1486"
1320069249,47.2163,-121.984,268th Avenue Southeast,42918,NA,King County,Washington,"268th Avenue Southeast, 42918"
2420069242,47.2088,-121.992,Park Street,2025,NA,King County,Washington,"Park Street, 2025"
8091600080,47.2051,-122.006,Semanski Street,1490,NA,King County,Washington,"Semanski Street, 1490"
1871400585,47.2848,-121.927,312th Way Southeast,35277,NA,King County,Washington,"312th Way Southeast, 35277"
2420069268,47.2064,-121.988,Wells Street,1931,NA,King County,Washington,"Wells Street, 1931"
920069052,47.2411,-122.043,228th Way Southeast,40202,NA,King County,Washington,"228th Way Southeast, 40202"
2372800100,47.2012,-122.0,Garfield Street,1135,NA,King County,Washington,"Garfield Street, 1135"
9170500060,47.693,-122.168,Northeast 104th Street,12855,NA,King County,Washington,"Northeast 104th Street, 12855"
1235700042,47.6973,-122.194,Northeast 108th Street,11004,NA,King County,Washington,"Northeast 108th Street, 11004"
4151800470,47.6652,-122.202,103rd Avenue Northeast,6526,NA,Houghton,Washington,"103rd Avenue Northeast, 6526"
3699100130,47.7001,-122.2,Northeast 112th Street,10455,NA,King County,Washington,"Northeast 112th Street, 10455"
3039000050,47.7024,-122.198,107th Place Northeast,11410,NA,King County,Washington,"107th Place Northeast, 11410"
3885805640,47.6821,-122.196,9th Avenue,619,NA,King County,Washington,"9th Avenue, 619"
3759500006,47.6988,-122.202,Northeast 110th Street,10410,NA,King County,Washington,"Northeast 110th Street, 10410"
3226059071,47.7006,-122.197,108th Avenue Northeast,11204,NA,King County,Washington,"108th Avenue Northeast, 11204"
325059126,47.6893,-122.164,Northeast 100th Street,13205,NA,King County,Washington,"Northeast 100th Street, 13205"
3900500110,47.6727,-122.174,124th Place Northeast,7528,NA,King County,Washington,"124th Place Northeast, 7528"
6743700015,47.6955,-122.175,124th Avenue Northeast,10616,NA,King County,Washington,"124th Avenue Northeast, 10616"
1088020070,47.6678,-122.182,119th Avenue Northeast,6905,NA,King County,Washington,"119th Avenue Northeast, 6905"
925059219,47.6651,-122.174,Northeast 65th Lane,12416,NA,King County,Washington,"Northeast 65th Lane, 12416"
3902310210,47.6909,-122.186,116th Avenue Northeast,10046,NA,King County,Washington,"116th Avenue Northeast, 10046"
1087900050,47.6616,-122.175,123rd Avenue Northeast,6110,NA,King County,Washington,"123rd Avenue Northeast, 6110"
2128000050,47.697,-122.169,Northeast 108th Place,12821,NA,King County,Washington,"Northeast 108th Place, 12821"
7424600020,47.6856,-122.168,Northeast 94th Street,12838,NA,King County,Washington,"Northeast 94th Street, 12838"
7420200050,47.6908,-122.169,Northeast 101st Place,12833,NA,King County,Washington,"Northeast 101st Place, 12833"
1236300307,47.6863,-122.189,Northeast 95th Street,11235,NA,King County,Washington,"Northeast 95th Street, 11235"
3888100029,47.688,-122.168,130th Avenue Northeast,9719,NA,King County,Washington,"130th Avenue Northeast, 9719"
5212000020,47.6999,-122.2,105th Avenue Northeast,11128,NA,King County,Washington,"105th Avenue Northeast, 11128"
2128000180,47.6976,-122.169,Northeast 108th Place,12820,NA,King County,Washington,"Northeast 108th Place, 12820"
3500100226,47.734,-122.301,Northeast 145th Street,2527,Seattle,King County,Washington,"Northeast 145th Street, 2527"
7304300570,47.7416,-122.32,Northeast 155th Street,876,NA,King County,Washington,"Northeast 155th Street, 876"
3971700940,47.772,-122.322,Northeast 198th Street,753,NA,King County,Washington,"Northeast 198th Street, 753"
6163901751,47.7494,-122.319,10th Avenue Northeast,16613,NA,North City,Washington,"10th Avenue Northeast, 16613"
1568100215,47.7352,-122.295,31st Avenue Northeast,14584,NA,King County,Washington,"31st Avenue Northeast, 14584"
411100020,47.7407,-122.327,2nd Avenue Northeast,15401,NA,King County,Washington,"2nd Avenue Northeast, 15401"
4024101434,47.7601,-122.307,Northeast 182nd Court,2401,NA,King County,Washington,"Northeast 182nd Court, 2401"
6163901381,47.7548,-122.316,12th Avenue Northeast,NA,NA,North City,Washington,"12th Avenue Northeast, NA"
1568100225,47.7349,-122.295,31st Avenue Northeast,14564,NA,King County,Washington,"31st Avenue Northeast, 14564"
6668900005,47.7492,-122.311,Northeast 166th Street,1593,NA,King County,Washington,"Northeast 166th Street, 1593"
7305300090,47.7557,-122.328,Northeast 175th Street,211,NA,King County,Washington,"Northeast 175th Street, 211"
3995700325,47.7406,-122.302,25th Avenue Northeast,15454,NA,Briarcrest,Washington,"25th Avenue Northeast, 15454"
3738900105,47.7359,-122.306,22nd Avenue Northeast,14716,NA,Briarcrest,Washington,"22nd Avenue Northeast, 14716"
6163900971,47.7564,-122.316,12th Avenue Northeast,17516,NA,North City,Washington,"12th Avenue Northeast, 17516"
4024101395,47.7596,-122.304,25th Avenue Northeast,17987,NA,King County,Washington,"25th Avenue Northeast, 17987"
6163901061,47.7538,-122.322,8th Avenue Northeast,17057,NA,North City,Washington,"8th Avenue Northeast, 17057"
7304300430,47.7429,-122.321,8th Avenue Northeast,15560,NA,North City,Washington,"8th Avenue Northeast, 15560"
7304300470,47.7444,-122.321,8th Avenue Northeast,15902,NA,North City,Washington,"8th Avenue Northeast, 15902"
3500100015,47.7366,-122.302,25th Avenue Northeast,14817,NA,Briarcrest,Washington,"25th Avenue Northeast, 14817"
6163901380,47.755,-122.316,12th Avenue Northeast,NA,NA,North City,Washington,"12th Avenue Northeast, NA"
1568100220,47.7351,-122.295,31st Avenue Northeast,14578,NA,King County,Washington,"31st Avenue Northeast, 14578"
6893300350,47.5242,-121.926,311th Avenue Southeast,NA,NA,King County,Washington,"311th Avenue Southeast, NA"
1387301360,47.7367,-122.195,Northeast 151st Street,10911,NA,King County,Washington,"Northeast 151st Street, 10911"
6204200590,47.7336,-122.202,104th Avenue Northeast,14511,NA,King County,Washington,"104th Avenue Northeast, 14511"
8096600100,47.7675,-122.226,86th Avenue Northeast,19057,NA,King County,Washington,"86th Avenue Northeast, 19057"
7016100120,47.7382,-122.182,Northeast 153rd Place,11931,NA,King County,Washington,"Northeast 153rd Place, 11931"
3387900390,47.3969,-122.198,108th Avenue Southeast,22813,NA,King County,Washington,"108th Avenue Southeast, 22813"
3110800260,47.4142,-122.179,Southeast 210th Street,12045,NA,Hillshire Terrace,Washington,"Southeast 210th Street, 12045"
2796100160,47.4081,-122.178,Southeast 217th Street,12206,NA,Hillshire Terrace,Washington,"Southeast 217th Street, 12206"
1761300850,47.3967,-122.174,126th Avenue Southeast,22904,NA,King County,Washington,"126th Avenue Southeast, 22904"
8802400896,47.4025,-122.201,104th Place Southeast,22218,NA,King County,Washington,"104th Place Southeast, 22218"
1761300340,47.3947,-122.174,Southeast 232nd Street,12526,NA,King County,Washington,"Southeast 232nd Street, 12526"
1355000220,47.4135,-122.18,Southeast 210th Place,12017,NA,Hillshire Terrace,Washington,"Southeast 210th Place, 12017"
3388000040,47.3943,-122.196,Southeast 232nd Street,10825,NA,King County,Washington,"Southeast 232nd Street, 10825"
6457000080,47.4007,-122.198,Southeast 224th Place,10715,NA,King County,Washington,"Southeast 224th Place, 10715"
3298700125,47.5232,-122.354,15th Avenue Southwest,8851,Seattle,Highland Park,Washington,"15th Avenue Southwest, 8851"
4302200336,47.5256,-122.357,17th Avenue Southwest,8635,Seattle,Highland Park,Washington,"17th Avenue Southwest, 8635"
2113701080,47.5296,-122.351,12th Avenue Southwest,8113,Seattle,Highland Park,Washington,"12th Avenue Southwest, 8113"
3438501662,47.5456,-122.359,21st Avenue Southwest,6330 B,Seattle,King County,Washington,"21st Avenue Southwest, 6330 B"
3438501020,47.5499,-122.36,21st Avenue Southwest,5903,Seattle,King County,Washington,"21st Avenue Southwest, 5903"
3438501150,47.5483,-122.36,21st Avenue Southwest,5965,Seattle,King County,Washington,"21st Avenue Southwest, 5965"
3876820140,47.74,-122.173,125th Place Northeast,12504,NA,King County,Washington,"125th Place Northeast, 12504"
1775801090,47.7415,-122.096,Northeast 156th Street,18190,NA,King County,Washington,"Northeast 156th Street, 18190"
9144300120,47.7619,-122.162,133rd Place Northeast,18501,NA,King County,Washington,"133rd Place Northeast, 18501"
5379805460,47.4488,-122.275,South 172nd Place,4700,SeaTac,King County,Washington,"South 172nd Place, 4700"
1003600080,47.4396,-122.285,South 182nd Street,3815,SeaTac,King County,Washington,"South 182nd Street, 3815"
4435000490,47.4538,-122.288,35th Avenue South,16627,SeaTac,King County,Washington,"35th Avenue South, 16627"
7148200040,47.4413,-122.277,South 181st Street,4514,SeaTac,King County,Washington,"South 181st Street, 4514"
1001200050,47.433,-122.292,33rd Avenue South,18909,SeaTac,King County,Washington,"33rd Avenue South, 18909"
7231502505,47.4759,-122.208,Burnett Avenue South,518,NA,King County,Washington,"Burnett Avenue South, 518"
6623400193,47.4299,-122.199,Southeast 192nd Street,10617,NA,King County,Washington,"Southeast 192nd Street, 10617"
5365200040,47.4815,-122.226,Southwest Langston Road,616,NA,King County,Washington,"Southwest Langston Road, 616"
7224500010,47.4906,-122.204,Wells Avenue North,506,NA,North Renton,Washington,"Wells Avenue North, 506"
3262301355,47.6304,-122.234,Northeast 22nd Street,7962,NA,King County,Washington,"Northeast 22nd Street, 7962"
3738000070,47.6176,-122.223,88th Avenue Northeast,800,NA,Eastland,Washington,"88th Avenue Northeast, 800"
